{
  "config": {
    "feature": {
      "feature": {
        "config": {
          "to_place": {
            "state": {
              "Name": "minecraft:lily_of_the_valley"
            },
            "type": "minecraft:simple_state_provider"
          }
        },
        "type": "minecraft:simple_block"
      },
      "placement": [
        {
          "predicate": {
            "blocks": "minecraft:air",
            "offset": [
              0,
              0,
              0
            ],
            "type": "minecraft:matching_blocks"
          },
          "type": "minecraft:block_predicate_filter"
        },
        {
          "predicate": {
            "offset": [
              0,
              -1,
              0
            ],
            "tag": "minecraft:dirt",
            "type": "minecraft:matching_block_tag"
          },
          "type": "minecraft:block_predicate_filter"
        }
      ]
    },
    "tries": 8,
    "xz_spread": 2,
    "y_spread": 1
  },
  "type": "minecraft:random_patch"
}