{
  "type": "minecraft:add",
  "argument1": 0.075,
  "argument2": {
    "type": "minecraft:mul",
    "argument1": "tectonic:constants/desert_dunes",
    "argument2": {
      "type": "minecraft:add",
      "argument1": 0.105,
      "argument2": {
        "type": "minecraft:mul",
        "argument1": -0.35,
        "argument2": {
          "type": "minecraft:abs",
          "argument": {
            "type": "minecraft:add",
            "argument1": -0.3,
            "argument2": {
              "type": "minecraft:clamp",
              "input": {
                "type": "minecraft:add",
                "argument1": {
                  "type": "minecraft:abs",
                  "argument": {
                    "type": "minecraft:shifted_noise",
                    "noise": "tectonic:dune/ridge",
                    "xz_scale": 0.4,
                    "y_scale": 0,
                    "shift_x": {
                      "type": "minecraft:mul",
                      "argument1": {
                        "type": "minecraft:noise",
                        "noise": "tectonic:dune/warp",
                        "xz_scale": 0.3,
                        "y_scale": 0
                      },
                      "argument2": 50
                    },
                    "shift_y": 0,
                    "shift_z": {
                      "type": "minecraft:mul",
                      "argument1": {
                        "type": "minecraft:noise",
                        "noise": "tectonic:dune/warp",
                        "xz_scale": 0.3,
                        "y_scale": 0
                      },
                      "argument2": 50
                    }
                  }
                },
                "argument2": -0.05
              },
              "min": 0,
              "max": 0.6
            }
          }
        }
      }
    }
  }
}
