{
  "config": {
    "feature": {
      "feature": {
        "config": {
          "to_place": {
            "entries": [
              {
                "data": {
                  "Name": "minecraft:pink_petals",
                  "Properties": {
                    "facing": "north",
                    "flower_amount": "1"
                  }
                },
                "weight": 1
              },
              {
                "data": {
                  "Name": "minecraft:pink_petals",
                  "Properties": {
                    "facing": "east",
                    "flower_amount": "1"
                  }
                },
                "weight": 1
              },
              {
                "data": {
                  "Name": "minecraft:pink_petals",
                  "Properties": {
                    "facing": "south",
                    "flower_amount": "1"
                  }
                },
                "weight": 1
              },
              {
                "data": {
                  "Name": "minecraft:pink_petals",
                  "Properties": {
                    "facing": "west",
                    "flower_amount": "1"
                  }
                },
                "weight": 1
              },
              {
                "data": {
                  "Name": "minecraft:pink_petals",
                  "Properties": {
                    "facing": "north",
                    "flower_amount": "2"
                  }
                },
                "weight": 1
              },
              {
                "data": {
                  "Name": "minecraft:pink_petals",
                  "Properties": {
                    "facing": "east",
                    "flower_amount": "2"
                  }
                },
                "weight": 1
              },
              {
                "data": {
                  "Name": "minecraft:pink_petals",
                  "Properties": {
                    "facing": "south",
                    "flower_amount": "2"
                  }
                },
                "weight": 1
              },
              {
                "data": {
                  "Name": "minecraft:pink_petals",
                  "Properties": {
                    "facing": "west",
                    "flower_amount": "2"
                  }
                },
                "weight": 1
              },
              {
                "data": {
                  "Name": "minecraft:pink_petals",
                  "Properties": {
                    "facing": "north",
                    "flower_amount": "3"
                  }
                },
                "weight": 1
              },
              {
                "data": {
                  "Name": "minecraft:pink_petals",
                  "Properties": {
                    "facing": "east",
                    "flower_amount": "3"
                  }
                },
                "weight": 1
              },
              {
                "data": {
                  "Name": "minecraft:pink_petals",
                  "Properties": {
                    "facing": "south",
                    "flower_amount": "3"
                  }
                },
                "weight": 1
              },
              {
                "data": {
                  "Name": "minecraft:pink_petals",
                  "Properties": {
                    "facing": "west",
                    "flower_amount": "3"
                  }
                },
                "weight": 1
              },
              {
                "data": {
                  "Name": "minecraft:pink_petals",
                  "Properties": {
                    "facing": "north",
                    "flower_amount": "4"
                  }
                },
                "weight": 1
              },
              {
                "data": {
                  "Name": "minecraft:pink_petals",
                  "Properties": {
                    "facing": "east",
                    "flower_amount": "4"
                  }
                },
                "weight": 1
              },
              {
                "data": {
                  "Name": "minecraft:pink_petals",
                  "Properties": {
                    "facing": "south",
                    "flower_amount": "4"
                  }
                },
                "weight": 1
              },
              {
                "data": {
                  "Name": "minecraft:pink_petals",
                  "Properties": {
                    "facing": "west",
                    "flower_amount": "4"
                  }
                },
                "weight": 1
              }
            ],
            "type": "minecraft:weighted_state_provider"
          }
        },
        "type": "minecraft:simple_block"
      },
      "placement": [
        {
          "predicate": {
            "blocks": "minecraft:air",
            "type": "minecraft:matching_blocks"
          },
          "type": "minecraft:block_predicate_filter"
        }
      ]
    },
    "tries": 96,
    "xz_spread": 6,
    "y_spread": 2
  },
  "type": "minecraft:flower"
}