{
  "config": {
    "decorators": [],
    "dirt_provider": {
      "state": {
        "Name": "minecraft:acacia_log",
        "Properties": {
          "axis": "y"
        }
      },
      "type": "minecraft:simple_state_provider"
    },
    "foliage_placer": {
      "height": 2,
      "offset": 0,
      "radius": 2,
      "type": "minecraft:bush_foliage_placer"
    },
    "foliage_provider": {
      "state": {
        "Name": "minecraft:acacia_leaves",
        "Properties": {
          "distance": "7",
          "persistent": "false",
          "waterlogged": "false"
        }
      },
      "type": "minecraft:simple_state_provider"
    },
    "force_dirt": false,
    "ignore_vines": false,
    "minimum_size": {
      "limit": 0,
      "lower_size": 0,
      "type": "minecraft:two_layers_feature_size",
      "upper_size": 0
    },
    "trunk_placer": {
      "base_height": 0,
      "height_rand_a": 0,
      "height_rand_b": 0,
      "type": "minecraft:straight_trunk_placer"
    },
    "trunk_provider": {
      "state": {
        "Name": "minecraft:acacia_log",
        "Properties": {
          "axis": "y"
        }
      },
      "type": "minecraft:simple_state_provider"
    }
  },
  "type": "minecraft:tree"
}