{
  "type": "minecraft:flat_cache",
  "argument": {
    "type": "minecraft:cache_2d",
    "argument": {
      "type": "minecraft:add",
      "argument1": {
        "type": "minecraft:mul",
        "argument1": {
          "type": "minecraft:blend_offset"
        },
        "argument2": {
          "type": "minecraft:add",
          "argument1": 1,
          "argument2": {
            "type": "minecraft:mul",
            "argument1": -1,
            "argument2": {
              "type": "minecraft:cache_once",
              "argument": {
                "type": "minecraft:blend_alpha"
              }
            }
          }
        }
      },
      "argument2": {
        "type": "minecraft:mul",
        "argument1": {
          "type": "minecraft:add",
          "argument1": {
            "type": "minecraft:add",
            "argument1": -0.5037500262260437,
            "argument2": "tectonic:overworld/legacy/offset_noise"
          },
          "argument2": {
            "type": "minecraft:max",
            "argument1": "tectonic:overworld/min_offset",
            "argument2": {
              "type": "minecraft:mul",
              "argument1": "tectonic:constants/terrain_scale",
              "argument2": {
                "type": "minecraft:spline",
                "min_value": -64,
                "max_value": 64,
                "spline": {
                  "coordinate": "tectonic:overworld/continents",
                  "points": [
                    {
                      "location": -1.075,
                      "derivative": 0,
                      "value": {
                        "coordinate": "minecraft:overworld/erosion",
                        "points": [
                          {
                            "location": -0.8,
                            "derivative": 0,
                            "value": {
                              "coordinate": "tectonic:constants/deep_ocean_depth",
                              "points": [
                                {
                                  "location": 0,
                                  "derivative": 1,
                                  "value": 0
                                }
                              ]
                            }
                          },
                          {
                            "location": -0.75,
                            "derivative": 0,
                            "value": 0.04
                          },
                          {
                            "location": -0.25,
                            "derivative": 0,
                            "value": 0.04
                          },
                          {
                            "location": -0.2,
                            "derivative": 0,
                            "value": {
                              "coordinate": "tectonic:constants/deep_ocean_depth",
                              "points": [
                                {
                                  "location": 0,
                                  "derivative": 1,
                                  "value": 0
                                }
                              ]
                            }
                          },
                          {
                            "location": 0.025,
                            "derivative": 0,
                            "value": {
                              "coordinate": "tectonic:constants/deep_ocean_depth",
                              "points": [
                                {
                                  "location": 0,
                                  "derivative": 1,
                                  "value": 0
                                }
                              ]
                            }
                          },
                          {
                            "location": 0.075,
                            "derivative": 0,
                            "value": 0.04
                          },
                          {
                            "location": 0.375,
                            "derivative": 0,
                            "value": 0.04
                          },
                          {
                            "location": 0.425,
                            "derivative": 0,
                            "value": {
                              "coordinate": "tectonic:constants/deep_ocean_depth",
                              "points": [
                                {
                                  "location": 0,
                                  "derivative": 1,
                                  "value": 0
                                }
                              ]
                            }
                          },
                          {
                            "location": 0.44,
                            "derivative": 0,
                            "value": {
                              "coordinate": "tectonic:constants/deep_ocean_depth",
                              "points": [
                                {
                                  "location": 0,
                                  "derivative": 1,
                                  "value": 0
                                }
                              ]
                            }
                          },
                          {
                            "location": 0.59,
                            "derivative": 0,
                            "value": 0.04
                          }
                        ]
                      }
                    },
                    {
                      "location": -1.025,
                      "derivative": 0,
                      "value": {
                        "coordinate": "tectonic:constants/deep_ocean_depth",
                        "points": [
                          {
                            "location": 0,
                            "derivative": 1,
                            "value": 0
                          }
                        ]
                      }
                    },
                    {
                      "location": -0.45,
                      "derivative": 0,
                      "value": {
                        "coordinate": "tectonic:constants/deep_ocean_depth",
                        "points": [
                          {
                            "location": 0,
                            "derivative": 1,
                            "value": 0
                          }
                        ]
                      }
                    },
                    {
                      "location": -0.35,
                      "derivative": 0,
                      "value": {
                        "coordinate": "tectonic:constants/ocean_depth",
                        "points": [
                          {
                            "location": 0,
                            "derivative": 1,
                            "value": 0
                          }
                        ]
                      }
                    },
                    {
                      "location": -0.22,
                      "derivative": 0,
                      "value": -0.12
                    },
                    {
                      "location": -0.16,
                      "derivative": 0,
                      "value": {
                        "coordinate": "tectonic:overworld/erosion",
                        "points": [
                          {
                            "location": -0.3,
                            "derivative": 0,
                            "value": {
                              "coordinate": "tectonic:overworld/legacy/ridges_folded",
                              "points": [
                                {
                                  "location": 0,
                                  "derivative": 0,
                                  "value": -0.05
                                },
                                {
                                  "location": 0.15,
                                  "derivative": 0,
                                  "value": 0.025
                                }
                              ]
                            }
                          },
                          {
                            "location": -0.2,
                            "derivative": 0.2,
                            "value": {
                              "coordinate": "tectonic:overworld/legacy/ridges_folded",
                              "points": [
                                {
                                  "location": 0,
                                  "derivative": 0,
                                  "value": -0.05
                                },
                                {
                                  "location": 0.15,
                                  "derivative": 3,
                                  "value": 0.175
                                },
                                {
                                  "location": 0.25,
                                  "derivative": 0,
                                  "value": 0.275
                                }
                              ]
                            }
                          },
                          {
                            "location": 0.2,
                            "derivative": -0.2,
                            "value": {
                              "coordinate": "tectonic:overworld/legacy/ridges_folded",
                              "points": [
                                {
                                  "location": 0,
                                  "derivative": 0,
                                  "value": -0.05
                                },
                                {
                                  "location": 0.15,
                                  "derivative": 3,
                                  "value": 0.175
                                },
                                {
                                  "location": 0.25,
                                  "derivative": 0,
                                  "value": 0.275
                                }
                              ]
                            }
                          },
                          {
                            "location": 0.3,
                            "derivative": 0,
                            "value": {
                              "coordinate": "tectonic:overworld/legacy/ridges_folded",
                              "points": [
                                {
                                  "location": 0,
                                  "derivative": 0,
                                  "value": -0.05
                                },
                                {
                                  "location": 0.15,
                                  "derivative": 0,
                                  "value": 0.025
                                }
                              ]
                            }
                          },
                          {
                            "location": 0.825,
                            "derivative": 0,
                            "value": {
                              "coordinate": "tectonic:overworld/legacy/ridges_folded",
                              "points": [
                                {
                                  "location": 0,
                                  "derivative": 0,
                                  "value": -0.05
                                },
                                {
                                  "location": 0.15,
                                  "derivative": 0,
                                  "value": 0.025
                                }
                              ]
                            }
                          },
                          {
                            "location": 0.875,
                            "derivative": 0,
                            "value": {
                              "coordinate": "tectonic:overworld/legacy/ridges_folded",
                              "points": [
                                {
                                  "location": 0,
                                  "derivative": 0.5,
                                  "value": -0.05
                                },
                                {
                                  "location": 0.2,
                                  "derivative": 0,
                                  "value": 0.025
                                }
                              ]
                            }
                          },
                          {
                            "location": 0.975,
                            "derivative": 0,
                            "value": {
                              "coordinate": "tectonic:overworld/legacy/ridges_folded",
                              "points": [
                                {
                                  "location": 0,
                                  "derivative": 0.5,
                                  "value": -0.05
                                },
                                {
                                  "location": 0.2,
                                  "derivative": 0,
                                  "value": 0.025
                                }
                              ]
                            }
                          },
                          {
                            "location": 1.025,
                            "derivative": 0,
                            "value": {
                              "coordinate": "tectonic:overworld/legacy/ridges_folded",
                              "points": [
                                {
                                  "location": 0.25,
                                  "derivative": 0.1667,
                                  "value": 0.01
                                },
                                {
                                  "location": 0.5,
                                  "derivative": 0,
                                  "value": 0.015
                                }
                              ]
                            }
                          }
                        ]
                      }
                    },
                    {
                      "location": 0.025,
                      "derivative": 0,
                      "value": {
                        "coordinate": "tectonic:overworld/erosion",
                        "points": [
                          {
                            "location": -0.5,
                            "derivative": 0,
                            "value": {
                              "coordinate": "tectonic:overworld/legacy/ridges_folded",
                              "points": [
                                {
                                  "location": 0,
                                  "derivative": 0,
                                  "value": -0.05
                                },
                                {
                                  "location": 0.15,
                                  "derivative": 0,
                                  "value": 0.075
                                }
                              ]
                            }
                          },
                          {
                            "location": -0.35,
                            "derivative": 0,
                            "value": {
                              "coordinate": "tectonic:overworld/legacy/ridges_folded",
                              "points": [
                                {
                                  "location": 0,
                                  "derivative": 0,
                                  "value": -0.05
                                },
                                {
                                  "location": 0.15,
                                  "derivative": 0,
                                  "value": 0.15
                                },
                                {
                                  "location": 0.3,
                                  "derivative": 0,
                                  "value": 0.25
                                }
                              ]
                            }
                          },
                          {
                            "location": -0.275,
                            "derivative": 0,
                            "value": {
                              "coordinate": "tectonic:overworld/legacy/ridges_folded",
                              "points": [
                                {
                                  "location": 0,
                                  "derivative": 1,
                                  "value": -0.05
                                },
                                {
                                  "location": 0.075,
                                  "derivative": 8,
                                  "value": 0.15
                                },
                                {
                                  "location": 0.125,
                                  "derivative": 0,
                                  "value": 0.35
                                }
                              ]
                            }
                          },
                          {
                            "location": -0.175,
                            "derivative": 1.5,
                            "value": 0.425
                          },
                          {
                            "location": 0,
                            "derivative": 0,
                            "value": 0.65
                          },
                          {
                            "location": 0.175,
                            "derivative": -1.5,
                            "value": 0.425
                          },
                          {
                            "location": 0.25,
                            "derivative": 0,
                            "value": {
                              "coordinate": "tectonic:overworld/legacy/ridges_folded",
                              "points": [
                                {
                                  "location": 0,
                                  "derivative": 1,
                                  "value": -0.05
                                },
                                {
                                  "location": 0.075,
                                  "derivative": 8,
                                  "value": 0.15
                                },
                                {
                                  "location": 0.125,
                                  "derivative": 0,
                                  "value": 0.35
                                }
                              ]
                            }
                          },
                          {
                            "location": 0.3,
                            "derivative": 0,
                            "value": {
                              "coordinate": "tectonic:overworld/legacy/ridges_folded",
                              "points": [
                                {
                                  "location": 0,
                                  "derivative": 0,
                                  "value": -0.05
                                },
                                {
                                  "location": 0.15,
                                  "derivative": 0,
                                  "value": 0.15
                                },
                                {
                                  "location": 0.3,
                                  "derivative": 0,
                                  "value": 0.25
                                }
                              ]
                            }
                          },
                          {
                            "location": 0.4,
                            "derivative": 0,
                            "value": {
                              "coordinate": "tectonic:overworld/ridges",
                              "points": [
                                {
                                  "location": -0.15,
                                  "derivative": 0,
                                  "value": 0.075
                                },
                                {
                                  "location": 0,
                                  "derivative": 0,
                                  "value": -0.05
                                },
                                {
                                  "location": 0.15,
                                  "derivative": 0,
                                  "value": 0.075
                                },
                                {
                                  "location": 0.25,
                                  "derivative": 0,
                                  "value": 0.075
                                },
                                {
                                  "location": 0.275,
                                  "derivative": 0,
                                  "value": 0.2
                                },
                                {
                                  "location": 0.375,
                                  "derivative": 0,
                                  "value": 0.2
                                },
                                {
                                  "location": 0.4,
                                  "derivative": 0,
                                  "value": 0.4
                                },
                                {
                                  "location": 0.5,
                                  "derivative": 0,
                                  "value": 0.4
                                },
                                {
                                  "location": 0.525,
                                  "derivative": 0.25,
                                  "value": 0.6
                                },
                                {
                                  "location": 0.75,
                                  "derivative": 0,
                                  "value": 0.75
                                }
                              ]
                            }
                          },
                          {
                            "location": 0.825,
                            "derivative": 0,
                            "value": {
                              "coordinate": "tectonic:overworld/ridges",
                              "points": [
                                {
                                  "location": -0.15,
                                  "derivative": 0,
                                  "value": 0.075
                                },
                                {
                                  "location": 0,
                                  "derivative": 0,
                                  "value": -0.05
                                },
                                {
                                  "location": 0.15,
                                  "derivative": 0,
                                  "value": 0.075
                                },
                                {
                                  "location": 0.25,
                                  "derivative": 0,
                                  "value": 0.075
                                },
                                {
                                  "location": 0.275,
                                  "derivative": 0,
                                  "value": 0.2
                                },
                                {
                                  "location": 0.375,
                                  "derivative": 0,
                                  "value": 0.2
                                },
                                {
                                  "location": 0.4,
                                  "derivative": 0,
                                  "value": 0.4
                                },
                                {
                                  "location": 0.5,
                                  "derivative": 0,
                                  "value": 0.4
                                },
                                {
                                  "location": 0.525,
                                  "derivative": 0.25,
                                  "value": 0.6
                                },
                                {
                                  "location": 0.75,
                                  "derivative": 0,
                                  "value": 0.75
                                }
                              ]
                            }
                          },
                          {
                            "location": 0.875,
                            "derivative": 0,
                            "value": {
                              "coordinate": "tectonic:overworld/legacy/ridges_folded",
                              "points": [
                                {
                                  "location": 0,
                                  "derivative": 0.5,
                                  "value": -0.05
                                },
                                {
                                  "location": 0.2,
                                  "derivative": 0,
                                  "value": 0.075
                                }
                              ]
                            }
                          },
                          {
                            "location": 0.975,
                            "derivative": 0,
                            "value": {
                              "coordinate": "tectonic:overworld/legacy/ridges_folded",
                              "points": [
                                {
                                  "location": 0,
                                  "derivative": 0.5,
                                  "value": -0.05
                                },
                                {
                                  "location": 0.2,
                                  "derivative": 0,
                                  "value": 0.075
                                }
                              ]
                            }
                          },
                          {
                            "location": 1.025,
                            "derivative": 0,
                            "value": {
                              "coordinate": "tectonic:overworld/legacy/ridges_folded",
                              "points": [
                                {
                                  "location": 0.35,
                                  "derivative": 0.1667,
                                  "value": 0.03
                                },
                                {
                                  "location": 0.5,
                                  "derivative": 0,
                                  "value": 0.075
                                }
                              ]
                            }
                          }
                        ]
                      }
                    },
                    {
                      "location": 0.25,
                      "derivative": 0,
                      "value": {
                        "coordinate": "tectonic:overworld/erosion",
                        "points": [
                          {
                            "location": -0.5,
                            "derivative": 0,
                            "value": {
                              "coordinate": "tectonic:overworld/legacy/ridges_folded",
                              "points": [
                                {
                                  "location": 0,
                                  "derivative": 0,
                                  "value": -0.05
                                },
                                {
                                  "location": 0.15,
                                  "derivative": 0,
                                  "value": 0.075
                                }
                              ]
                            }
                          },
                          {
                            "location": -0.35,
                            "derivative": 0,
                            "value": {
                              "coordinate": "tectonic:overworld/legacy/ridges_folded",
                              "points": [
                                {
                                  "location": 0,
                                  "derivative": 0,
                                  "value": -0.05
                                },
                                {
                                  "location": 0.1,
                                  "derivative": 5,
                                  "value": 0.125
                                },
                                {
                                  "location": 0.1667,
                                  "derivative": 0,
                                  "value": 0.225
                                },
                                {
                                  "location": 0.3,
                                  "derivative": 0,
                                  "value": 0.35
                                }
                              ]
                            }
                          },
                          {
                            "location": -0.275,
                            "derivative": 0,
                            "value": {
                              "coordinate": "tectonic:overworld/legacy/ridges_folded",
                              "points": [
                                {
                                  "location": 0,
                                  "derivative": 1,
                                  "value": -0.05
                                },
                                {
                                  "location": 0.075,
                                  "derivative": 12,
                                  "value": 0.222
                                },
                                {
                                  "location": 0.125,
                                  "derivative": 0,
                                  "value": 0.4
                                }
                              ]
                            }
                          },
                          {
                            "location": -0.175,
                            "derivative": 0,
                            "value": 0.55
                          },
                          {
                            "location": 0,
                            "derivative": 0,
                            "value": 0.95
                          },
                          {
                            "location": 0.175,
                            "derivative": 0,
                            "value": 0.55
                          },
                          {
                            "location": 0.25,
                            "derivative": 0,
                            "value": {
                              "coordinate": "tectonic:overworld/legacy/ridges_folded",
                              "points": [
                                {
                                  "location": 0,
                                  "derivative": 1,
                                  "value": -0.05
                                },
                                {
                                  "location": 0.075,
                                  "derivative": 12,
                                  "value": 0.222
                                },
                                {
                                  "location": 0.125,
                                  "derivative": 0,
                                  "value": 0.4
                                }
                              ]
                            }
                          },
                          {
                            "location": 0.3,
                            "derivative": 0,
                            "value": {
                              "coordinate": "tectonic:overworld/legacy/ridges_folded",
                              "points": [
                                {
                                  "location": 0,
                                  "derivative": 0,
                                  "value": -0.05
                                },
                                {
                                  "location": 0.1,
                                  "derivative": 5,
                                  "value": 0.125
                                },
                                {
                                  "location": 0.1667,
                                  "derivative": 0,
                                  "value": 0.225
                                },
                                {
                                  "location": 0.3,
                                  "derivative": 0,
                                  "value": 0.35
                                }
                              ]
                            }
                          },
                          {
                            "location": 0.4,
                            "derivative": 0,
                            "value": {
                              "coordinate": "tectonic:overworld/ridges",
                              "points": [
                                {
                                  "location": -0.15,
                                  "derivative": 0,
                                  "value": 0.075
                                },
                                {
                                  "location": 0,
                                  "derivative": 0,
                                  "value": -0.05
                                },
                                {
                                  "location": 0.15,
                                  "derivative": 0,
                                  "value": 0.075
                                },
                                {
                                  "location": 0.25,
                                  "derivative": 0,
                                  "value": 0.075
                                },
                                {
                                  "location": 0.3,
                                  "derivative": 0,
                                  "value": 0.2
                                },
                                {
                                  "location": 0.35,
                                  "derivative": 0,
                                  "value": 0.2
                                },
                                {
                                  "location": 0.4,
                                  "derivative": 0,
                                  "value": 0.4
                                },
                                {
                                  "location": 0.45,
                                  "derivative": 0,
                                  "value": 0.4
                                },
                                {
                                  "location": 0.5,
                                  "derivative": 0.25,
                                  "value": 0.6
                                },
                                {
                                  "location": 0.75,
                                  "derivative": 0,
                                  "value": 0.75
                                }
                              ]
                            }
                          },
                          {
                            "location": 0.825,
                            "derivative": 0,
                            "value": {
                              "coordinate": "tectonic:overworld/ridges",
                              "points": [
                                {
                                  "location": -0.15,
                                  "derivative": 0,
                                  "value": 0.075
                                },
                                {
                                  "location": 0,
                                  "derivative": 0,
                                  "value": -0.05
                                },
                                {
                                  "location": 0.15,
                                  "derivative": 0,
                                  "value": 0.075
                                },
                                {
                                  "location": 0.25,
                                  "derivative": 0,
                                  "value": 0.075
                                },
                                {
                                  "location": 0.3,
                                  "derivative": 0,
                                  "value": 0.3
                                },
                                {
                                  "location": 0.35,
                                  "derivative": 0,
                                  "value": 0.3
                                },
                                {
                                  "location": 0.4,
                                  "derivative": 0,
                                  "value": 0.6
                                },
                                {
                                  "location": 0.45,
                                  "derivative": 0,
                                  "value": 0.6
                                },
                                {
                                  "location": 0.5,
                                  "derivative": 0.25,
                                  "value": 0.9
                                },
                                {
                                  "location": 0.6,
                                  "derivative": 0,
                                  "value": 0.9
                                }
                              ]
                            }
                          },
                          {
                            "location": 0.875,
                            "derivative": 0,
                            "value": {
                              "coordinate": "tectonic:overworld/legacy/ridges_folded",
                              "points": [
                                {
                                  "location": 0,
                                  "derivative": 1,
                                  "value": -0.05
                                },
                                {
                                  "location": 0.175,
                                  "derivative": 0.3,
                                  "value": 0.075
                                },
                                {
                                  "location": 0.3,
                                  "derivative": 0,
                                  "value": 0.25
                                }
                              ]
                            }
                          },
                          {
                            "location": 0.975,
                            "derivative": 0,
                            "value": {
                              "coordinate": "tectonic:overworld/legacy/ridges_folded",
                              "points": [
                                {
                                  "location": 0,
                                  "derivative": 1,
                                  "value": -0.05
                                },
                                {
                                  "location": 0.175,
                                  "derivative": 0.3,
                                  "value": 0.075
                                },
                                {
                                  "location": 0.3,
                                  "derivative": 0,
                                  "value": 0.25
                                }
                              ]
                            }
                          },
                          {
                            "location": 1.025,
                            "derivative": 0,
                            "value": {
                              "coordinate": "tectonic:overworld/legacy/ridges_folded",
                              "points": [
                                {
                                  "location": 0.35,
                                  "derivative": 0.1667,
                                  "value": 0.03
                                },
                                {
                                  "location": 0.5,
                                  "derivative": 0,
                                  "value": 0.075
                                }
                              ]
                            }
                          }
                        ]
                      }
                    },
                    {
                      "location": 0.8,
                      "derivative": 0,
                      "value": {
                        "coordinate": "tectonic:overworld/erosion",
                        "points": [
                          {
                            "location": -0.5,
                            "derivative": 0,
                            "value": {
                              "coordinate": "tectonic:overworld/legacy/ridges_folded",
                              "points": [
                                {
                                  "location": 0,
                                  "derivative": 0,
                                  "value": -0.05
                                },
                                {
                                  "location": 0.15,
                                  "derivative": 0,
                                  "value": 0.075
                                }
                              ]
                            }
                          },
                          {
                            "location": -0.35,
                            "derivative": 0,
                            "value": {
                              "coordinate": "tectonic:overworld/legacy/ridges_folded",
                              "points": [
                                {
                                  "location": 0,
                                  "derivative": 0,
                                  "value": -0.05
                                },
                                {
                                  "location": 0.1,
                                  "derivative": 5,
                                  "value": 0.125
                                },
                                {
                                  "location": 0.1667,
                                  "derivative": 0,
                                  "value": 0.225
                                },
                                {
                                  "location": 0.3,
                                  "derivative": 0,
                                  "value": 0.35
                                }
                              ]
                            }
                          },
                          {
                            "location": -0.275,
                            "derivative": 0,
                            "value": {
                              "coordinate": "tectonic:overworld/legacy/ridges_folded",
                              "points": [
                                {
                                  "location": 0,
                                  "derivative": 1,
                                  "value": -0.05
                                },
                                {
                                  "location": 0.075,
                                  "derivative": 12,
                                  "value": 0.222
                                },
                                {
                                  "location": 0.125,
                                  "derivative": 0,
                                  "value": 0.4
                                }
                              ]
                            }
                          },
                          {
                            "location": -0.175,
                            "derivative": 0,
                            "value": 0.65
                          },
                          {
                            "location": 0,
                            "derivative": 0,
                            "value": 1.1
                          },
                          {
                            "location": 0.175,
                            "derivative": 0,
                            "value": 0.65
                          },
                          {
                            "location": 0.25,
                            "derivative": 0,
                            "value": {
                              "coordinate": "tectonic:overworld/legacy/ridges_folded",
                              "points": [
                                {
                                  "location": 0,
                                  "derivative": 1,
                                  "value": -0.05
                                },
                                {
                                  "location": 0.075,
                                  "derivative": 12,
                                  "value": 0.222
                                },
                                {
                                  "location": 0.125,
                                  "derivative": 0,
                                  "value": 0.4
                                }
                              ]
                            }
                          },
                          {
                            "location": 0.3,
                            "derivative": 0,
                            "value": {
                              "coordinate": "tectonic:overworld/legacy/ridges_folded",
                              "points": [
                                {
                                  "location": 0,
                                  "derivative": 0,
                                  "value": -0.05
                                },
                                {
                                  "location": 0.1,
                                  "derivative": 5,
                                  "value": 0.125
                                },
                                {
                                  "location": 0.1667,
                                  "derivative": 0,
                                  "value": 0.225
                                },
                                {
                                  "location": 0.3,
                                  "derivative": 0,
                                  "value": 0.35
                                }
                              ]
                            }
                          },
                          {
                            "location": 0.4,
                            "derivative": 0,
                            "value": {
                              "coordinate": "tectonic:overworld/ridges",
                              "points": [
                                {
                                  "location": -0.15,
                                  "derivative": 0,
                                  "value": 0.075
                                },
                                {
                                  "location": 0,
                                  "derivative": 0,
                                  "value": -0.05
                                },
                                {
                                  "location": 0.15,
                                  "derivative": 0,
                                  "value": 0.075
                                },
                                {
                                  "location": 0.25,
                                  "derivative": 0,
                                  "value": 0.075
                                },
                                {
                                  "location": 0.3,
                                  "derivative": 0,
                                  "value": 0.2
                                },
                                {
                                  "location": 0.35,
                                  "derivative": 0,
                                  "value": 0.2
                                },
                                {
                                  "location": 0.4,
                                  "derivative": 0,
                                  "value": 0.4
                                },
                                {
                                  "location": 0.45,
                                  "derivative": 0,
                                  "value": 0.4
                                },
                                {
                                  "location": 0.5,
                                  "derivative": 0.25,
                                  "value": 0.6
                                },
                                {
                                  "location": 0.75,
                                  "derivative": 0,
                                  "value": 0.75
                                }
                              ]
                            }
                          },
                          {
                            "location": 0.825,
                            "derivative": 0,
                            "value": {
                              "coordinate": "tectonic:overworld/ridges",
                              "points": [
                                {
                                  "location": -0.15,
                                  "derivative": 0,
                                  "value": 0.075
                                },
                                {
                                  "location": 0,
                                  "derivative": 0,
                                  "value": -0.05
                                },
                                {
                                  "location": 0.15,
                                  "derivative": 0,
                                  "value": 0.075
                                },
                                {
                                  "location": 0.25,
                                  "derivative": 0,
                                  "value": 0.075
                                },
                                {
                                  "location": 0.3,
                                  "derivative": 0,
                                  "value": 0.3
                                },
                                {
                                  "location": 0.35,
                                  "derivative": 0,
                                  "value": 0.3
                                },
                                {
                                  "location": 0.4,
                                  "derivative": 0,
                                  "value": 0.6
                                },
                                {
                                  "location": 0.45,
                                  "derivative": 0,
                                  "value": 0.6
                                },
                                {
                                  "location": 0.5,
                                  "derivative": 0.25,
                                  "value": 0.9
                                },
                                {
                                  "location": 0.6,
                                  "derivative": 0,
                                  "value": 0.9
                                }
                              ]
                            }
                          },
                          {
                            "location": 0.875,
                            "derivative": 0,
                            "value": {
                              "coordinate": "tectonic:overworld/legacy/ridges_folded",
                              "points": [
                                {
                                  "location": 0,
                                  "derivative": 1,
                                  "value": -0.05
                                },
                                {
                                  "location": 0.175,
                                  "derivative": 0.3,
                                  "value": 0.075
                                },
                                {
                                  "location": 0.3,
                                  "derivative": 0,
                                  "value": 0.25
                                }
                              ]
                            }
                          },
                          {
                            "location": 0.975,
                            "derivative": 0,
                            "value": {
                              "coordinate": "tectonic:overworld/legacy/ridges_folded",
                              "points": [
                                {
                                  "location": 0,
                                  "derivative": 1,
                                  "value": -0.05
                                },
                                {
                                  "location": 0.175,
                                  "derivative": 0.3,
                                  "value": 0.075
                                },
                                {
                                  "location": 0.3,
                                  "derivative": 0,
                                  "value": 0.25
                                }
                              ]
                            }
                          },
                          {
                            "location": 1.025,
                            "derivative": 0,
                            "value": {
                              "coordinate": "tectonic:overworld/legacy/ridges_folded",
                              "points": [
                                {
                                  "location": 0.35,
                                  "derivative": 0.1667,
                                  "value": 0.03
                                },
                                {
                                  "location": 0.5,
                                  "derivative": 0,
                                  "value": 0.075
                                }
                              ]
                            }
                          }
                        ]
                      }
                    }
                  ]
                }
              }
            }
          }
        },
        "argument2": {
          "type": "minecraft:cache_once",
          "argument": {
            "type": "minecraft:blend_alpha"
          }
        }
      }
    }
  }
}