{
	"type": "minecraft:flower",
	"config": {
		"tries": 32,
		"xz_spread": 4,
		"y_spread": 1,
		"feature": {
			"feature": {
				"type": "minecraft:simple_block",
				"config": {
					"to_place": {
						"type": "minecraft:dual_noise_provider",
						"seed": 2345,
						"noise": {
							"firstOctave": -3,
							"amplitudes": [
								1
							]
						},
						"scale": 1,
						"variety": {
							"min_inclusive": 1,
							"max_inclusive": 1
						},
						"slow_noise": {
							"firstOctave": -10,
							"amplitudes": [
								1
							]
						},
						"slow_scale": 1,
						"states": [
							{
								"Name": "minecraft:tall_grass",
								"Properties": {
									"half": "lower"
								}
							},
							{
								"Name": "minecraft:allium"
							},
							{
								"Name": "minecraft:poppy"
							},
							{
								"Name": "minecraft:azure_bluet"
							},
							{
								"Name": "minecraft:dandelion"
							},
							{
								"Name": "minecraft:cornflower"
							},
							{
								"Name": "minecraft:oxeye_daisy"
							},
							{
								"Name": "minecraft:short_grass"
							}
						]
					}
				}
			},
			"placement": [
				{
					"type": "minecraft:block_predicate_filter",
					"predicate": {
						"type": "minecraft:matching_blocks",
						"blocks": "minecraft:air"
					}
				}
			]
		}
	}
}
